"PLU";"NORMA(50)";"MJ(50)";"PLU_NAZEV(50)";"RASTR_CISLO";"RASTR_NAZEV(50)";"OM_CISLO";"SC";"PC";"KGL"
1;"";"";"Dýòové latté";18;"Káva (10%)";10;0,00;89,00;0,00
2;"";"";"Ledová káva";18;"Káva (10%)";10;0,00;89,00;0,00
3;"";"";"Mandlový flat white";18;"Káva (10%)";10;0,00;85,00;0,00
4;"";"";"Mandlové latte";18;"Káva (10%)";10;0,00;79,00;0,00
5;"";"";"Mandlové cappucino";18;"Káva (10%)";10;0,00;75,00;0,00
6;"";"";"Šlehaèka káva";18;"Káva (10%)";10;0,00;10,00;0,00
7;"";"";"Espresso s mlékem";18;"Káva (10%)";10;0,00;52,00;0,00
8;"";"";"Espresso bez mléka";18;"Káva (10%)";10;0,00;52,00;0,00
9;"";"";"Espresso lungo s mlékem";18;"Káva (10%)";10;0,00;52,00;0,00
10;"";"";"Espresso lungo bez mléka";18;"Káva (10%)";10;0,00;52,00;0,00
11;"";"";"Espresso Doppio s mlékem";18;"Káva (10%)";10;0,00;68,00;0,00
12;"";"";"Espresso Doppio bez mléka";18;"Káva (10%)";10;0,00;68,00;0,00
13;"";"";"Americano";18;"Káva (10%)";10;0,00;55,00;0,00
14;"";"";"Cappuccino";18;"Káva (10%)";10;0,00;65,00;0,00
15;"";"";"Flat White";18;"Káva (10%)";10;0,00;75,00;0,00
16;"";"";"Espresso Macchiato";18;"Káva (10%)";10;0,00;55,00;0,00
17;"";"";"Latté Macchiato";18;"Káva (10%)";10;0,00;69,00;0,00
18;"";"";"Espresso Tonic klasik";18;"Káva (10%)";10;0,00;75,00;0,00
19;"";"";"Espresso Tonic Pink";18;"Káva (10%)";10;0,00;75,00;0,00
20;"";"";"Babyccino";18;"Káva (10%)";10;0,00;42,00;0,00
21;"V70014";"velká porce";"Vídeòská káva";18;"Káva (10%)";10;11,18;69,00;0,00
22;"V70013";"velká porce";"Alžírská káva";18;"Káva (10%)";10;15,57;75,00;0,00
23;"";"";"Bombardino";22;"Alkohol (21%)";10;0,00;109,00;0,00
24;"";"";"Horizont";18;"Káva (10%)";20;0,00;250,00;0,00
25;"";"";"Long Black";18;"Káva (10%)";10;0,00;60,00;0,00
26;"";"";"Turek";18;"Káva (10%)";10;0,00;52,00;0,00
27;"V70026";"velká porce";"Irská káva";18;"Káva (10%)";10;21,38;85,00;0,00
28;"V70027";"velká porce";"Baileys kava";18;"Káva (10%)";10;15,48;85,00;0,00
29;"";"";"Neperlivá";21;"Nealko (10%)";20;0,00;0,00;0,00
30;"V70007";"velká porce";"Limèa 0,4l - malina";21;"Nealko (10%)";20;12,59;65,00;0,00
31;"V70008";"velká porce";"Limèa 0,4l - borùvka";21;"Nealko (10%)";20;12,59;65,00;0,00
32;"V70009";"velká porce";"Limèa 0,4l - bez+cit";21;"Nealko (10%)";20;11,33;65,00;0,00
33;"V70023";"velká porce";"Limèa 0,4l - rakyt,pomeranè";21;"Nealko (10%)";20;6,90;65,00;0,00
34;"V70028";"velká porce";"Limèa èaj a mateøídouška";21;"Nealko (10%)";20;6,00;65,00;0,00
35;"30009.00";"0,25L";"Royal Crown Cola 0,25l";21;"Nealko (10%)";20;16,10;49,00;0,00
36;"30010.00";"0,25L";"Royal Crown Cola Zero 0,25l";21;"Nealko (10%)";20;16,10;49,00;0,00
37;"30011.00";"0,33L";"Jemnì perlivá 0,33l";21;"Nealko (10%)";20;5,70;39,00;0,00
38;"30012.00";"0,33L";"Neperlivá 0,33l";21;"Nealko (10%)";20;5,70;39,00;0,00
39;"30013.00";"0,33L";"Ledový èaj - broskev 0,33l";21;"Nealko (10%)";20;16,13;49,00;0,00
40;"30014.00";"0,33L";"Ledový èaj - citrón 0,33l";21;"Nealko (10%)";20;16,13;49,00;0,00
41;"30015.00";"0,2L";"Rauch džus 0,2l - jahodový";21;"Nealko (10%)";20;17,48;45,00;0,00
42;"30016.00";"0,2L";"Rauch džus 0,2l - pomeranèový";21;"Nealko (10%)";20;17,48;45,00;0,00
43;"30017.00";"0,2L";"Rauch džus 0,2l - jableèný";21;"Nealko (10%)";20;17,48;45,00;0,00
44;"30018.00";"0,2L";"Rauch džus 0,2l - hruškový";21;"Nealko (10%)";20;17,48;45,00;0,00
45;"30019.00";"0,25L";"Chito Tonic 0,25l";21;"Nealko (10%)";20;14,72;49,00;0,00
46;"30020.00";"0,25L";"Chito tonic 0,25l - zázvor";21;"Nealko (10%)";20;14,72;49,00;0,00
47;"";"";"Karafa vody 1l";21;"Nealko (10%)";20;0,00;66,00;0,00
48;"";"";"Perlivá 0,2l";21;"Nealko (10%)";20;0,00;25,00;0,00
49;"30027.00";"Ks";"Èaj - Levandule&heømánek";23;"Teplé nealko (10%)";20;10,35;59,00;0,00
50;"30028.00";"Ks";"Èaj - Jasmín a zelený èaj";23;"Teplé nealko (10%)";20;10,35;59,00;0,00
51;"30029.00";"Ks";"Èaj - ovocný";23;"Teplé nealko (10%)";20;10,35;59,00;0,00
52;"30030.00";"Ks";"Èaj - èokoláda & vanilka";23;"Teplé nealko (10%)";20;10,35;59,00;0,00
53;"V70016";"velká porce";"Èaj - mátový";23;"Teplé nealko (10%)";20;6,96;59,00;0,00
54;"30026.00";"Ks";"Èaj - èerný Earl Grey";23;"Teplé nealko (10%)";20;10,35;59,00;0,00
55;"";"";"Èaj - zázvorový";23;"Teplé nealko (10%)";20;0,00;59,00;0,00
56;"";"";"Neperlivá 0,2l";21;"Nealko (10%)";20;0,00;25,00;0,00
57;"30043.00";"0,25L";"Rùžový tonic";21;"Nealko (10%)";20;18,50;49,00;0,00
58;"V70029";"velká porce";"Limèa okurka";21;"Nealko (10%)";20;7,20;65,00;0,00
59;"20073.00";"0,25L";"Redbull";21;"Nealko (10%)";20;28,00;69,00;0,00
60;"";"";"Horizont";18;"Káva (10%)";20;0,00;850,00;0,00
61;"V70032";"velká porce";"Rulanda 1L";30;"Víno & aperitivy (21%)";20;96,75;150,00;0,00
62;"";"";"Coca-Cola 0,3l rozlev";21;"Nealko (10%)";20;0,00;35,00;0,00
63;"";"";"Croissant snidane";1;"Slané (10%)";20;0,00;35,00;0,00
64;"";"";"Horká voda - konvièka";18;"Káva (10%)";10;0,00;5,00;0,00
65;"V70034";"velká porce";"Horká èokoláda";18;"Káva (10%)";10;21,16;78,00;0,00
66;"";"";"Horká èokoláda N";18;"Káva (10%)";10;0,00;65,00;0,00
67;"";"";"Malibu Sunset";2;"Koktejly (21%)";20;0,00;119,00;0,00
68;"V70031";"velká porce";"Pink Gin Spritz";2;"Koktejly (21%)";20;25,95;109,00;0,00
69;"V70030";"velká porce";"Limoncello Spritz";2;"Koktejly (21%)";20;29,36;109,00;0,00
70;"V70001";"velká porce";"Cuba libre";2;"Koktejly (21%)";20;22,98;119,00;0,00
71;"V70002";"velká porce";"Aperol Spritz";2;"Koktejly (21%)";20;29,60;109,00;0,00
72;"V70003";"velká porce";"Mojito";2;"Koktejly (21%)";20;18,79;119,00;0,00
73;"V70004";"velká porce";"Espresso Martini";2;"Koktejly (21%)";20;49,43;139,00;0,00
74;"V70006";"velká porce";"Lillet Wild Berry";2;"Koktejly (21%)";20;30,52;109,00;0,00
75;"V70012";"velká porce";"Lillet Pink Spritz";2;"Koktejly (21%)";20;28,62;109,00;0,00
76;"V70005";"velká porce";"London Cosmopolitan";2;"Koktejly (21%)";20;37,40;129,00;0,00
77;"V70021";"velká porce";"Mimosa";2;"Koktejly (21%)";20;19,63;98,00;0,00
78;"V70015";"velká porce";"Hugo Spritz";2;"Koktejly (21%)";20;26,19;109,00;0,00
79;"V70025";"velká porce";"Pink Gin&tonic";2;"Koktejly (21%)";20;38,13;109,00;0,00
80;"V70010";"velká porce";"Gin&tonic";2;"Koktejly (21%)";20;34,77;109,00;0,00
81;"20034.00";"L";"Martini Extra Dry 0,1l";30;"Víno & aperitivy (21%)";20;22,24;55,00;0,10
82;"20027.00";"L";"Martini Bianco 0,1l";30;"Víno & aperitivy (21%)";20;18,93;55,00;0,10
83;"20022.00";"0,7L";"Aperol 0,04l";30;"Víno & aperitivy (21%)";20;17,94;55,00;0,04
84;"20045.00";"0,01L";"Crodino 0,1l";21;"Nealko (10%)";20;18,65;39,00;0,00
85;"20000.00";"0,7L";"Jameson 0,04l";22;"Alkohol (21%)";20;22,80;70,00;0,04
86;"20014.00";"0,7L";"Jack Daniels 0,04l";22;"Alkohol (21%)";20;32,15;85,00;0,04
87;"20015.00";"0,7L";"Metaxa 5* 0,04l";22;"Alkohol (21%)";20;0,00;60,00;0,04
88;"20018.00";"0,7L";"Bacardi 0,04l";22;"Alkohol (21%)";20;19,96;55,00;0,04
89;"20046.00";"0,7L";"Legendario";22;"Alkohol (21%)";20;23,48;78,00;0,04
90;"20026.00";"0,7L";"Finlandia vodka";22;"Alkohol (21%)";20;18,60;55,00;0,04
91;"20047.00";"L";"Božkov rum";22;"Alkohol (21%)";20;11,60;60,00;0,04
92;"20032.00";"L";"Baileys`";22;"Alkohol (21%)";20;18,80;60,00;0,04
93;"20052.00";"0,5L";"Luhaèovická bylinná";22;"Alkohol (21%)";20;15,20;60,00;0,04
94;"20016.00";"0,7L";"Jägermeister 4cl";22;"Alkohol (21%)";20;19,71;60,00;0,04
95;"20029.00";"0,7L";"Gordon`s Gin";22;"Alkohol (21%)";20;19,63;60,00;0,04
96;"20030.00";"0,7L";"Gordon`s Gin Pink";22;"Alkohol (21%)";20;19,63;60,00;0,04
97;"20069.00";"L";"Tullamore";22;"Alkohol (21%)";20;20,39;73,00;0,04
98;"30032.00";"0,5L";"Vajeèný likér";22;"Alkohol (21%)";20;8,78;55,00;0,04
99;"20028.00";"0,7L";"Cointreau";22;"Alkohol (21%)";20;25,93;70,00;0,04
100;"20040.00";"0,75L";"Zweigeltrebe rosé 0,75l Tetur";30;"Víno & aperitivy (21%)";20;115,00;280,00;0,00
101;"20050.00";"0,75L";"Chardonnay 2020 0,75l Tetur";30;"Víno & aperitivy (21%)";20;152,89;360,00;0,00
102;"20051.00";"0,75L";"Ryzlink Rýnský 2021 0,75l Tetu";30;"Víno & aperitivy (21%)";20;152,89;360,00;0,00
103;"20054.00";"3L";"Chardonnay polosuché 0,2l";30;"Víno & aperitivy (21%)";20;8,60;68,00;0,20
104;"30034.00";"3L";"Pinot Gris polosuché 0,2l";30;"Víno & aperitivy (21%)";20;8,60;68,00;0,20
105;"20057.00";"0,75L";"Merlot 2021 pozdní sbìr";30;"Víno & aperitivy (21%)";20;198,00;380,00;0,00
106;"20071.00";"0,75L";"Rulandské šedé 2021 suché Tetu";30;"Víno & aperitivy (21%)";20;185,00;380,00;0,00
107;"30040.00";"3L";"Shiraz èervené 0,2l";30;"Víno & aperitivy (21%)";20;20,20;70,00;0,20
108;"20064.00";"25L";"Stáèené prosecco 0,2l";30;"Víno & aperitivy (21%)";20;19,44;98,00;0,20
109;"20056.00";"3L";"Rulandské šedé suché 0,2l";30;"Víno & aperitivy (21%)";20;19,35;70,00;0,20
110;"20055.00";"3L";"Sauvignon premium suché 0,2l";30;"Víno & aperitivy (21%)";20;30,37;78,00;0,20
111;"20017.00";"0,75L";"Prosecco Brut";30;"Víno & aperitivy (21%)";20;249,90;390,00;0,00
112;"V70018";"velká porce";"Svaøák bílý";24;"Teplé alkoholické nápoje (21%)";20;8,89;79,00;0,00
113;"V70019";"velká porce";"Svaøák èervený";24;"Teplé alkoholické nápoje (21%)";20;21,80;79,00;0,00
114;"V70011";"velká porce";"Grog";24;"Teplé alkoholické nápoje (21%)";20;11,60;68,00;0,00
115;"20048.00";"0,33L";"Pilsner Urquell 0,33l";22;"Alkohol (21%)";20;25,16;49,00;0,00
116;"20049.00";"0,33L";"Birell svìtlý 0,33l";21;"Nealko (10%)";20;16,20;39,00;0,00
117;"00183.00";"0,5L";"Pilsner Urquell 0,5l";22;"Alkohol (21%)";20;26,90;59,00;0,00
118;"30039.00";"3L";"Merlot suché 0,2l";30;"Víno & aperitivy (21%)";20;9,39;60,00;0,20
119;"20042.00";"20L";"Stáèené prosecco 1l";30;"Víno & aperitivy (21%)";20;108,90;250,00;1,00
120;"V70017";"velká porce";"Nealko Aperol";3;"Nealko koktejly a vina (15%)";20;30,61;105,00;0,00
121;"V70020";"velká porce";"Nealko Hugo Spritz";3;"Nealko koktejly a vina (15%)";20;33,16;105,00;0,00
122;"";"";"Nealko Mojito";3;"Nealko koktejly a vina (15%)";20;0,00;89,00;0,00
123;"V70022";"velká porce";"Nealko Mimosa";3;"Nealko koktejly a vina (15%)";20;18,39;90,00;0,00
124;"30036.00";"0,75L";"Nealko Sekt 0,2l";3;"Nealko koktejly a vina (15%)";20;137,95;250,00;0,00
125;"30036.00";"0,75L";"Nealko Sekt 0,2l";3;"Nealko koktejly a vina (15%)";20;36,79;95,00;0,20
126;"20066.00";"0,75L";"Sylvánské zelené 2021 suché";30;"Víno & aperitivy (21%)";20;222,00;380,00;0,00
127;"20065.00";"L";"Campari";30;"Víno & aperitivy (21%)";20;23,00;60,00;0,05
128;"V70024";"velká porce";"Campari Orange / Soda";2;"Koktejly (21%)";20;26,10;109,00;0,00
129;"20070.00";"0,7L";"Hennessy";22;"Alkohol (21%)";20;50,28;98,00;0,04
130;"";"";"Slivovice";22;"Alkohol (21%)";20;0,00;60,00;0,00
131;"";"";"Snídanì";1;"Slané (10%)";20;0,00;150,00;0,00
132;"20043.00";"0,75L";"Cabernet - èervené 0,2";30;"Víno & aperitivy (21%)";20;35,49;60,00;0,20
133;"20067.00";"3L";"Rulandské modré / DR";30;"Víno & aperitivy (21%)";20;21,80;70,00;0,20
134;"";"";"";0;"";0;0,00;0,00;0,00
135;"";"";"Havana";22;"Alkohol (21%)";20;0,00;60,00;0,00
136;"";"";"";0;"";0;0,00;0,00;0,00
137;"";"";"";0;"";0;0,00;0,00;0,00
138;"";"";"";0;"";0;0,00;0,00;0,00
139;"";"";"Dort zakázka";17;"Dorty (10%)";20;0,00;1100,00;0,00
140;"";"";"Snídanì + 1";1;"Slané (10%)";20;0,00;150,00;0,00
141;"";"";"";0;"";0;0,00;0,00;0,00
142;"";"";"";0;"";0;0,00;0,00;0,00
143;"";"";"";0;"";0;0,00;0,00;0,00
144;"";"";"";0;"";0;0,00;0,00;0,00
145;"";"";"";0;"";0;0,00;0,00;0,00
146;"";"";"";0;"";0;0,00;0,00;0,00
147;"";"";"";0;"";0;0,00;0,00;0,00
148;"";"";"";0;"";0;0,00;0,00;0,00
149;"";"";"";0;"";0;0,00;0,00;0,00
150;"";"";"";0;"";0;0,00;0,00;0,00
151;"";"";"";0;"";0;0,00;0,00;0,00
152;"";"";"";0;"";0;0,00;0,00;0,00
153;"";"";"";0;"";0;0,00;0,00;0,00
154;"";"";"";0;"";0;0,00;0,00;0,00
155;"";"";"";0;"";0;0,00;0,00;0,00
156;"";"";"";0;"";0;0,00;0,00;0,00
157;"";"";"";0;"";0;0,00;0,00;0,00
158;"";"";"";0;"";0;0,00;0,00;0,00
159;"";"";"";0;"";0;0,00;0,00;0,00
160;"";"";"";0;"";0;0,00;0,00;0,00
161;"";"";"";0;"";0;0,00;0,00;0,00
162;"";"";"";0;"";0;0,00;0,00;0,00
163;"";"";"";0;"";0;0,00;0,00;0,00
164;"";"";"";0;"";0;0,00;0,00;0,00
165;"";"";"";0;"";0;0,00;0,00;0,00
166;"";"";"";0;"";0;0,00;0,00;0,00
167;"";"";"";0;"";0;0,00;0,00;0,00
168;"";"";"";0;"";0;0,00;0,00;0,00
169;"";"";"";0;"";0;0,00;0,00;0,00
170;"";"";"";0;"";0;0,00;0,00;0,00
171;"";"";"";0;"";0;0,00;0,00;0,00
172;"";"";"";0;"";0;0,00;0,00;0,00
173;"";"";"";0;"";0;0,00;0,00;0,00
174;"";"";"";0;"";0;0,00;0,00;0,00
175;"";"";"";0;"";0;0,00;0,00;0,00
176;"";"";"";0;"";0;0,00;0,00;0,00
177;"";"";"";0;"";0;0,00;0,00;0,00
178;"";"";"";0;"";0;0,00;0,00;0,00
179;"";"";"";0;"";0;0,00;0,00;0,00
180;"";"";"";0;"";0;0,00;0,00;0,00
181;"";"";"";0;"";0;0,00;0,00;0,00
182;"";"";"";0;"";0;0,00;0,00;0,00
183;"";"";"";0;"";0;0,00;0,00;0,00
184;"";"";"";0;"";0;0,00;0,00;0,00
185;"";"";"";0;"";0;0,00;0,00;0,00
186;"";"";"";0;"";0;0,00;0,00;0,00
187;"";"";"";0;"";0;0,00;0,00;0,00
188;"";"";"";0;"";0;0,00;0,00;0,00
189;"";"";"";0;"";0;0,00;0,00;0,00
190;"";"";"";0;"";0;0,00;0,00;0,00
191;"";"";"";0;"";0;0,00;0,00;0,00
192;"";"";"";0;"";0;0,00;0,00;0,00
193;"";"";"";0;"";0;0,00;0,00;0,00
194;"";"";"";0;"";0;0,00;0,00;0,00
195;"";"";"";0;"";0;0,00;0,00;0,00
196;"";"";"";0;"";0;0,00;0,00;0,00
197;"";"";"";0;"";0;0,00;0,00;0,00
198;"";"";"Poháry zdobení";17;"Dorty (10%)";20;0,00;15,00;0,00
199;"";"";"Šlehaèka zmrzlina";17;"Dorty (10%)";20;0,00;15,00;0,00
200;"80001.00";"ks";"Lotus dort";17;"Dorty (10%)";20;21,77;89,00;0,00
201;"80002.00";"Ks";"Èokoládovo-oøechový dort";17;"Dorty (10%)";20;26,47;89,00;0,00
202;"80003.00";"Ks";"Pistáciový dort";17;"Dorty (10%)";20;41,92;89,00;0,00
203;"80004.00";"Ks";"Mechový dort";17;"Dorty (10%)";20;0,00;89,00;0,00
204;"V20705";"velká porce";"Punèák";17;"Dorty (10%)";20;24,23;89,00;0,00
205;"00169.00";"Ks";"Koòak špièka dort";17;"Dorty (10%)";20;55,00;89,00;0,00
206;"00170.00";"Ks";"Meruòka jogurt dort";17;"Dorty (10%)";20;55,00;89,00;0,00
207;"00171.00";"Ks";"Rafaelo dort";17;"Dorty (10%)";20;55,00;89,00;0,00
208;"";"";"Red Velvet";17;"Dorty (10%)";20;0,00;89,00;0,00
209;"00180.00";"Ks";"Èokoládový dort";17;"Dorty (10%)";20;63,25;89,00;0,00
210;"V20720";"velká porce";"Tartaletka";12;"Dezerty/peèené (10%)";20;11,56;79,00;0,00
211;"00172.00";"Ks";"Kofila dort";17;"Dorty (10%)";20;55,00;89,00;0,00
212;"00181.00";"Ks";"Vìtrník slaný karamel";12;"Dezerty/peèené (10%)";20;50,00;89,00;0,00
213;"";"";"Vanilka tvaroh cheesecake";17;"Dorty (10%)";20;0,00;89,00;0,00
214;"00187.00";"Ks";"Mák povidla dort";17;"Dorty (10%)";20;63,25;89,00;0,00
215;"00190.00";"Ks";"Snickers dort";17;"Dorty (10%)";20;55,00;89,00;0,00
216;"";"";"Snickers pohár";12;"Dezerty/peèené (10%)";20;0,00;79,00;0,00
217;"00192.00";"Ks";"Mango dort";17;"Dorty (10%)";20;63,25;89,00;0,00
218;"00191.00";"Ks";"Míša";17;"Dorty (10%)";20;55,00;89,00;0,00
219;"00184.00";"Ks";"Banán v èoko";17;"Dorty (10%)";20;55,00;89,00;0,00
220;"80006.00";"Ks";"Pana Cotta";12;"Dezerty/peèené (10%)";20;17,74;69,00;0,00
221;"80007.00";"ks";"Skoøicový šnek";12;"Dezerty/peèené (10%)";20;0,00;69,00;0,00
222;"";"";"";0;"Dezerty/peèené (10%)";0;0,00;0,00;0,00
223;"00188.00";"Ks";"Jahoda-tvaroh";17;"Dorty (10%)";20;55,00;89,00;0,00
224;"00186.00";"Ks";"Slaný Karamel dort";17;"Dorty (10%)";20;55,00;89,00;0,00
225;"00185.00";"Ks";"Malina-tvaroh dort";17;"Dorty (10%)";20;63,25;89,00;0,00
226;"";"";"";0;"";0;0,00;0,00;0,00
227;"";"";"";0;"";0;0,00;0,00;0,00
228;"";"";"";0;"";0;0,00;0,00;0,00
229;"";"";"";0;"";0;0,00;0,00;0,00
230;"80010.00";"ks";"Croissant";1;"Slané (10%)";20;0,00;75,00;0,00
231;"80009.00";"ks";"Quiche";1;"Slané (10%)";20;30,11;79,00;0,00
232;"80011.00";"ks";"Škvarková pomazánka s sebou";1;"Slané (10%)";20;0,00;109,00;0,00
233;"V20711";"velká porce";"Švestky ve slaninì";1;"Slané (10%)";20;32,76;79,00;0,00
234;"V20710";"velká porce";"Pražené mandle";1;"Slané (10%)";20;31,19;79,00;0,00
235;"";"";"Škvarková pomazánka kavárna";1;"Slané (10%)";20;0,00;129,00;0,00
236;"";"";"Chleba øepa";1;"Slané (10%)";20;0,00;85,00;0,00
237;"";"";"Italský talíø";1;"Slané (10%)";20;0,00;390,00;0,00
238;"";"";"";0;"";0;0,00;0,00;0,00
239;"";"";"";0;"";0;0,00;0,00;0,00
240;"";"";"Obal";26;"Ostatní základní sazba (21%)";20;0,00;8,00;0,00
241;"";"";"Obal sklo";26;"Ostatní základní sazba (21%)";20;0,00;10,00;0,00
242;"";"";"";0;"";0;0,00;0,00;0,00
243;"";"";"";0;"";0;0,00;0,00;0,00
244;"";"";"";0;"";0;0,00;0,00;0,00
245;"";"";"Kopeèek zmrzlina";13;"Zmrzlina (10%)";20;0,00;35,00;0,00
246;"";"";"Velký kornoutek";13;"Zmrzlina (10%)";20;0,00;10,00;0,00
247;"";"";"Samostatnì kornoutek malý";13;"Zmrzlina (10%)";20;0,00;5,00;0,00
248;"";"";"Mandlové mléko";18;"Káva (10%)";10;0,00;10,00;0,00
249;"";"";"";0;"";0;0,00;0,00;0,00
250;"";"";"";0;"";0;0,00;0,00;0,00
251;"";"";"";0;"";0;0,00;0,00;0,00
252;"";"";"";0;"";0;0,00;0,00;0,00
253;"";"";"";0;"";0;0,00;0,00;0,00
254;"";"";"";0;"";0;0,00;0,00;0,00
255;"";"";"";0;"";0;0,00;0,00;0,00
256;"";"";"";0;"";0;0,00;0,00;0,00
257;"";"";"";0;"";0;0,00;0,00;0,00
258;"";"";"";0;"";0;0,00;0,00;0,00
259;"";"";"";0;"";0;0,00;0,00;0,00
260;"";"";"";0;"";0;0,00;0,00;0,00
261;"";"";"";0;"";0;0,00;0,00;0,00
262;"";"";"";0;"";0;0,00;0,00;0,00
263;"";"";"";0;"";0;0,00;0,00;0,00
264;"";"";"";0;"";0;0,00;0,00;0,00
265;"";"";"";0;"";0;0,00;0,00;0,00
266;"";"";"";0;"";0;0,00;0,00;0,00
267;"";"";"";0;"";0;0,00;0,00;0,00
268;"";"";"";0;"";0;0,00;0,00;0,00
269;"";"";"";0;"";0;0,00;0,00;0,00
270;"";"";"";0;"";0;0,00;0,00;0,00
271;"";"";"";0;"";0;0,00;0,00;0,00
272;"";"";"";0;"";0;0,00;0,00;0,00
273;"";"";"";0;"";0;0,00;0,00;0,00
274;"";"";"";0;"";0;0,00;0,00;0,00
275;"";"";"";0;"";0;0,00;0,00;0,00
276;"";"";"";0;"";0;0,00;0,00;0,00
277;"";"";"";0;"";0;0,00;0,00;0,00
278;"";"";"";0;"";0;0,00;0,00;0,00
279;"";"";"";0;"";0;0,00;0,00;0,00
280;"";"";"";0;"";0;0,00;0,00;0,00
281;"";"";"";0;"";0;0,00;0,00;0,00
282;"";"";"";0;"";0;0,00;0,00;0,00
283;"";"";"";0;"";0;0,00;0,00;0,00
284;"";"";"";0;"";0;0,00;0,00;0,00
285;"";"";"";0;"";0;0,00;0,00;0,00
286;"";"";"";0;"";0;0,00;0,00;0,00
287;"";"";"";0;"";0;0,00;0,00;0,00
288;"";"";"";0;"";0;0,00;0,00;0,00
289;"";"";"";0;"";0;0,00;0,00;0,00
290;"";"";"";0;"";0;0,00;0,00;0,00
291;"";"";"";0;"";0;0,00;0,00;0,00
292;"";"";"";0;"";0;0,00;0,00;0,00
293;"";"";"";0;"";0;0,00;0,00;0,00
294;"";"";"";0;"";0;0,00;0,00;0,00
295;"";"";"";0;"";0;0,00;0,00;0,00
296;"";"";"";0;"";0;0,00;0,00;0,00
297;"";"";"";0;"";0;0,00;0,00;0,00
298;"";"";"";0;"";0;0,00;0,00;0,00
299;"";"";"";0;"";0;0,00;0,00;0,00
300;"V50701";"velká porce";"Snídanì - Loupáky s džemem";29;"Ostatní 0% (0%)";97;16,19;0,00;0,00
301;"V50703";"velká porce";"Snídanì - Granola s øeckým jog";29;"Ostatní 0% (0%)";97;61,39;0,00;0,00
302;"V50704";"velká porce";"Snídanì - Omeleta se sýrem, kv";29;"Ostatní 0% (0%)";97;33,32;0,00;0,00
303;"V50705";"velká porce";"Snídanì - Vejce do skla s párk";29;"Ostatní 0% (0%)";97;39,41;0,00;0,00
304;"V50706";"velká porce";"Snídanì - Banánové lívance s b";29;"Ostatní 0% (0%)";97;58,14;0,00;0,00
305;"V50707";"velká porce";"Snídanì - Chleba s øepovou pom";29;"Ostatní 0% (0%)";97;40,45;0,00;0,00
306;"V50733";"velká porce";"Snídanì - Míchaná vejce se sla";29;"Ostatní 0% (0%)";97;39,66;0,00;0,00
307;"V50710";"velká porce";"Snídanì - Bezlepkové lívance";29;"Ostatní 0% (0%)";97;63,12;0,00;0,00
308;"V50501";"velká porce";"Pøílohový salátek";29;"Ostatní 0% (0%)";97;10,96;0,00;0,00
309;"00015.00";"2Ks";"Bezlepkový chléb";29;"Ostatní 0% (0%)";97;35,80;0,00;0,00
310;"V50732";"velká porce";"Kváskový chléb";29;"Ostatní 0% (0%)";97;17,78;0,00;7,00
311;"V50708";"velká porce";"Hummus z èervené øepy";29;"Ostatní 0% (0%)";97;39,72;0,00;3,00
312;"";"";"";0;"";0;0,00;0,00;0,00
313;"";"";"";0;"";0;0,00;0,00;0,00
314;"";"";"";0;"";0;0,00;0,00;0,00
315;"";"";"";0;"";0;0,00;0,00;0,00
316;"";"";"";0;"";0;0,00;0,00;0,00
317;"";"";"";0;"";0;0,00;0,00;0,00
318;"";"";"";0;"";0;0,00;0,00;0,00
319;"";"";"";0;"";0;0,00;0,00;0,00
320;"";"";"";0;"";0;0,00;0,00;0,00
321;"";"";"";0;"";0;0,00;0,00;0,00
322;"";"";"";0;"";0;0,00;0,00;0,00
323;"";"";"";0;"";0;0,00;0,00;0,00
324;"";"";"";0;"";0;0,00;0,00;0,00
325;"";"";"";0;"";0;0,00;0,00;0,00
326;"";"";"";0;"";0;0,00;0,00;0,00
327;"";"";"";0;"";0;0,00;0,00;0,00
328;"";"";"";0;"";0;0,00;0,00;0,00
329;"";"";"";0;"";0;0,00;0,00;0,00
330;"";"";"";0;"";0;0,00;0,00;0,00
331;"";"";"";0;"";0;0,00;0,00;0,00
332;"";"";"";0;"";0;0,00;0,00;0,00
333;"";"";"";0;"";0;0,00;0,00;0,00
334;"";"";"";0;"";0;0,00;0,00;0,00
335;"";"";"";0;"";0;0,00;0,00;0,00
336;"";"";"";0;"";0;0,00;0,00;0,00
337;"";"";"";0;"";0;0,00;0,00;0,00
338;"";"";"";0;"";0;0,00;0,00;0,00
339;"";"";"";0;"";0;0,00;0,00;0,00
340;"";"";"";0;"";0;0,00;0,00;0,00
341;"";"";"";0;"";0;0,00;0,00;0,00
342;"";"";"";0;"";0;0,00;0,00;0,00
343;"";"";"";0;"";0;0,00;0,00;0,00
344;"";"";"";0;"";0;0,00;0,00;0,00
345;"";"";"";0;"";0;0,00;0,00;0,00
346;"";"";"";0;"";0;0,00;0,00;0,00
347;"";"";"";0;"";0;0,00;0,00;0,00
348;"";"";"";0;"";0;0,00;0,00;0,00
349;"";"";"";0;"";0;0,00;0,00;0,00
350;"";"";"";0;"";0;0,00;0,00;0,00
351;"";"";"";0;"";0;0,00;0,00;0,00
352;"";"";"";0;"";0;0,00;0,00;0,00
353;"";"";"";0;"";0;0,00;0,00;0,00
354;"";"";"";0;"";0;0,00;0,00;0,00
355;"";"";"";0;"";0;0,00;0,00;0,00
356;"";"";"";0;"";0;0,00;0,00;0,00
357;"";"";"";0;"";0;0,00;0,00;0,00
358;"";"";"";0;"";0;0,00;0,00;0,00
359;"";"";"";0;"";0;0,00;0,00;0,00
360;"";"";"";0;"";0;0,00;0,00;0,00
361;"";"";"";0;"";0;0,00;0,00;0,00
362;"";"";"";0;"";0;0,00;0,00;0,00
363;"";"";"";0;"";0;0,00;0,00;0,00
364;"";"";"";0;"";0;0,00;0,00;0,00
365;"";"";"";0;"";0;0,00;0,00;0,00
366;"";"";"";0;"";0;0,00;0,00;0,00
367;"";"";"";0;"";0;0,00;0,00;0,00
368;"";"";"";0;"";0;0,00;0,00;0,00
369;"";"";"";0;"";0;0,00;0,00;0,00
370;"";"";"";0;"";0;0,00;0,00;0,00
371;"";"";"";0;"";0;0,00;0,00;0,00
372;"";"";"";0;"";0;0,00;0,00;0,00
373;"";"";"";0;"";0;0,00;0,00;0,00
374;"";"";"";0;"";0;0,00;0,00;0,00
375;"";"";"";0;"";0;0,00;0,00;0,00
376;"";"";"";0;"";0;0,00;0,00;0,00
377;"";"";"";0;"";0;0,00;0,00;0,00
378;"";"";"";0;"";0;0,00;0,00;0,00
379;"";"";"";0;"";0;0,00;0,00;0,00
380;"";"";"";0;"";0;0,00;0,00;0,00
381;"";"";"";0;"";0;0,00;0,00;0,00
382;"";"";"";0;"";0;0,00;0,00;0,00
383;"";"";"";0;"";0;0,00;0,00;0,00
384;"";"";"";0;"";0;0,00;0,00;0,00
385;"";"";"";0;"";0;0,00;0,00;0,00
386;"";"";"";0;"";0;0,00;0,00;0,00
387;"";"";"";0;"";0;0,00;0,00;0,00
388;"";"";"";0;"";0;0,00;0,00;0,00
389;"";"";"";0;"";0;0,00;0,00;0,00
390;"";"";"";0;"";0;0,00;0,00;0,00
391;"";"";"";0;"";0;0,00;0,00;0,00
392;"";"";"";0;"";0;0,00;0,00;0,00
393;"";"";"";0;"";0;0,00;0,00;0,00
394;"";"";"";0;"";0;0,00;0,00;0,00
395;"";"";"";0;"";0;0,00;0,00;0,00
396;"";"";"";0;"";0;0,00;0,00;0,00
397;"";"";"";0;"";0;0,00;0,00;0,00
398;"";"";"";0;"";0;0,00;0,00;0,00
399;"";"";"";0;"";0;0,00;0,00;0,00
400;"";"";"";0;"";0;0,00;0,00;0,00
401;"";"";"";0;"";0;0,00;0,00;0,00
402;"";"";"";0;"";0;0,00;0,00;0,00
403;"";"";"";0;"";0;0,00;0,00;0,00
404;"";"";"";0;"";0;0,00;0,00;0,00
405;"";"";"";0;"";0;0,00;0,00;0,00
406;"";"";"";0;"";0;0,00;0,00;0,00
407;"";"";"";0;"";0;0,00;0,00;0,00
408;"";"";"";0;"";0;0,00;0,00;0,00
409;"";"";"";0;"";0;0,00;0,00;0,00
410;"";"";"";0;"";0;0,00;0,00;0,00
411;"";"";"";0;"";0;0,00;0,00;0,00
412;"";"";"";0;"";0;0,00;0,00;0,00
413;"";"";"";0;"";0;0,00;0,00;0,00
414;"";"";"";0;"";0;0,00;0,00;0,00
415;"";"";"";0;"";0;0,00;0,00;0,00
416;"";"";"";0;"";0;0,00;0,00;0,00
417;"";"";"";0;"";0;0,00;0,00;0,00
418;"";"";"";0;"";0;0,00;0,00;0,00
419;"";"";"";0;"";0;0,00;0,00;0,00
420;"";"";"";0;"";0;0,00;0,00;0,00
421;"";"";"";0;"";0;0,00;0,00;0,00
422;"";"";"";0;"";0;0,00;0,00;0,00
423;"";"";"";0;"";0;0,00;0,00;0,00
424;"";"";"";0;"";0;0,00;0,00;0,00
425;"";"";"";0;"";0;0,00;0,00;0,00
426;"";"";"";0;"";0;0,00;0,00;0,00
427;"";"";"";0;"";0;0,00;0,00;0,00
428;"";"";"";0;"";0;0,00;0,00;0,00
429;"";"";"";0;"";0;0,00;0,00;0,00
430;"";"";"";0;"";0;0,00;0,00;0,00
431;"";"";"";0;"";0;0,00;0,00;0,00
432;"";"";"";0;"";0;0,00;0,00;0,00
433;"";"";"";0;"";0;0,00;0,00;0,00
434;"";"";"";0;"";0;0,00;0,00;0,00
435;"";"";"";0;"";0;0,00;0,00;0,00
436;"";"";"";0;"";0;0,00;0,00;0,00
437;"";"";"";0;"";0;0,00;0,00;0,00
438;"";"";"";0;"";0;0,00;0,00;0,00
439;"";"";"";0;"";0;0,00;0,00;0,00
440;"";"";"";0;"";0;0,00;0,00;0,00
441;"";"";"";0;"";0;0,00;0,00;0,00
442;"";"";"";0;"";0;0,00;0,00;0,00
443;"";"";"";0;"";0;0,00;0,00;0,00
444;"";"";"";0;"";0;0,00;0,00;0,00
445;"";"";"";0;"";0;0,00;0,00;0,00
446;"";"";"";0;"";0;0,00;0,00;0,00
447;"";"";"";0;"";0;0,00;0,00;0,00
448;"";"";"";0;"";0;0,00;0,00;0,00
449;"";"";"";0;"";0;0,00;0,00;0,00
450;"";"";"";0;"";0;0,00;0,00;0,00
451;"";"";"";0;"";0;0,00;0,00;0,00
452;"";"";"";0;"";0;0,00;0,00;0,00
453;"";"";"";0;"";0;0,00;0,00;0,00
454;"";"";"";0;"";0;0,00;0,00;0,00
455;"";"";"";0;"";0;0,00;0,00;0,00
456;"";"";"";0;"";0;0,00;0,00;0,00
457;"";"";"";0;"";0;0,00;0,00;0,00
458;"";"";"";0;"";0;0,00;0,00;0,00
459;"";"";"";0;"";0;0,00;0,00;0,00
460;"";"";"";0;"";0;0,00;0,00;0,00
461;"";"";"";0;"";0;0,00;0,00;0,00
462;"";"";"";0;"";0;0,00;0,00;0,00
463;"";"";"";0;"";0;0,00;0,00;0,00
464;"";"";"";0;"";0;0,00;0,00;0,00
465;"";"";"";0;"";0;0,00;0,00;0,00
466;"";"";"";0;"";0;0,00;0,00;0,00
467;"";"";"";0;"";0;0,00;0,00;0,00
468;"";"";"";0;"";0;0,00;0,00;0,00
469;"";"";"";0;"";0;0,00;0,00;0,00
470;"";"";"";0;"";0;0,00;0,00;0,00
471;"";"";"";0;"";0;0,00;0,00;0,00
472;"";"";"";0;"";0;0,00;0,00;0,00
473;"";"";"";0;"";0;0,00;0,00;0,00
474;"";"";"";0;"";0;0,00;0,00;0,00
475;"";"";"";0;"";0;0,00;0,00;0,00
476;"";"";"";0;"";0;0,00;0,00;0,00
477;"";"";"";0;"";0;0,00;0,00;0,00
478;"";"";"";0;"";0;0,00;0,00;0,00
479;"";"";"";0;"";0;0,00;0,00;0,00
480;"";"";"";0;"";0;0,00;0,00;0,00
481;"";"";"";0;"";0;0,00;0,00;0,00
482;"";"";"";0;"";0;0,00;0,00;0,00
483;"";"";"";0;"";0;0,00;0,00;0,00
484;"";"";"";0;"";0;0,00;0,00;0,00
485;"";"";"";0;"";0;0,00;0,00;0,00
486;"";"";"";0;"";0;0,00;0,00;0,00
487;"";"";"";0;"";0;0,00;0,00;0,00
488;"";"";"";0;"";0;0,00;0,00;0,00
489;"";"";"";0;"";0;0,00;0,00;0,00
490;"";"";"";0;"";0;0,00;0,00;0,00
491;"";"";"";0;"";0;0,00;0,00;0,00
492;"";"";"";0;"";0;0,00;0,00;0,00
493;"";"";"";0;"";0;0,00;0,00;0,00
494;"";"";"";0;"";0;0,00;0,00;0,00
495;"";"";"";0;"";0;0,00;0,00;0,00
496;"";"";"";0;"";0;0,00;0,00;0,00
497;"";"";"";0;"";0;0,00;0,00;0,00
498;"";"";"";0;"";0;0,00;0,00;0,00
499;"";"";"";0;"";0;0,00;0,00;0,00
500;"";"";"";0;"";0;0,00;0,00;0,00
501;"";"";"";0;"";0;0,00;0,00;0,00
502;"";"";"";0;"";0;0,00;0,00;0,00
503;"";"";"";0;"";0;0,00;0,00;0,00
504;"";"";"";0;"";0;0,00;0,00;0,00
505;"";"";"";0;"";0;0,00;0,00;0,00
506;"";"";"";0;"";0;0,00;0,00;0,00
507;"";"";"";0;"";0;0,00;0,00;0,00
508;"";"";"";0;"";0;0,00;0,00;0,00
509;"";"";"";0;"";0;0,00;0,00;0,00
510;"";"";"";0;"";0;0,00;0,00;0,00
511;"";"";"";0;"";0;0,00;0,00;0,00
512;"";"";"";0;"";0;0,00;0,00;0,00
513;"";"";"";0;"";0;0,00;0,00;0,00
514;"";"";"";0;"";0;0,00;0,00;0,00
515;"";"";"";0;"";0;0,00;0,00;0,00
516;"";"";"";0;"";0;0,00;0,00;0,00
517;"";"";"";0;"";0;0,00;0,00;0,00
518;"";"";"";0;"";0;0,00;0,00;0,00
519;"";"";"";0;"";0;0,00;0,00;0,00
520;"";"";"";0;"";0;0,00;0,00;0,00
521;"";"";"";0;"";0;0,00;0,00;0,00
522;"";"";"";0;"";0;0,00;0,00;0,00
523;"";"";"";0;"";0;0,00;0,00;0,00
524;"";"";"";0;"";0;0,00;0,00;0,00
525;"";"";"";0;"";0;0,00;0,00;0,00
526;"";"";"";0;"";0;0,00;0,00;0,00
527;"";"";"";0;"";0;0,00;0,00;0,00
528;"";"";"";0;"";0;0,00;0,00;0,00
529;"";"";"";0;"";0;0,00;0,00;0,00
530;"";"";"";0;"";0;0,00;0,00;0,00
531;"";"";"";0;"";0;0,00;0,00;0,00
532;"";"";"";0;"";0;0,00;0,00;0,00
533;"";"";"";0;"";0;0,00;0,00;0,00
534;"";"";"";0;"";0;0,00;0,00;0,00
535;"";"";"";0;"";0;0,00;0,00;0,00
536;"";"";"";0;"";0;0,00;0,00;0,00
537;"";"";"";0;"";0;0,00;0,00;0,00
538;"";"";"";0;"";0;0,00;0,00;0,00
539;"";"";"";0;"";0;0,00;0,00;0,00
540;"";"";"";0;"";0;0,00;0,00;0,00
541;"";"";"";0;"";0;0,00;0,00;0,00
542;"";"";"";0;"";0;0,00;0,00;0,00
543;"";"";"";0;"";0;0,00;0,00;0,00
544;"";"";"";0;"";0;0,00;0,00;0,00
545;"";"";"";0;"";0;0,00;0,00;0,00
546;"";"";"";0;"";0;0,00;0,00;0,00
547;"";"";"";0;"";0;0,00;0,00;0,00
548;"";"";"";0;"";0;0,00;0,00;0,00
549;"";"";"";0;"";0;0,00;0,00;0,00
550;"";"";"";0;"";0;0,00;0,00;0,00
551;"";"";"";0;"";0;0,00;0,00;0,00
552;"";"";"";0;"";0;0,00;0,00;0,00
553;"";"";"";0;"";0;0,00;0,00;0,00
554;"";"";"";0;"";0;0,00;0,00;0,00
555;"";"";"";0;"";0;0,00;0,00;0,00
556;"";"";"";0;"";0;0,00;0,00;0,00
557;"";"";"";0;"";0;0,00;0,00;0,00
558;"";"";"";0;"";0;0,00;0,00;0,00
559;"";"";"";0;"";0;0,00;0,00;0,00
560;"";"";"";0;"";0;0,00;0,00;0,00
561;"";"";"";0;"";0;0,00;0,00;0,00
562;"";"";"";0;"";0;0,00;0,00;0,00
563;"";"";"";0;"";0;0,00;0,00;0,00
564;"";"";"";0;"";0;0,00;0,00;0,00
565;"";"";"";0;"";0;0,00;0,00;0,00
566;"";"";"";0;"";0;0,00;0,00;0,00
567;"";"";"";0;"";0;0,00;0,00;0,00
568;"";"";"";0;"";0;0,00;0,00;0,00
569;"";"";"";0;"";0;0,00;0,00;0,00
570;"";"";"";0;"";0;0,00;0,00;0,00
571;"";"";"";0;"";0;0,00;0,00;0,00
572;"";"";"";0;"";0;0,00;0,00;0,00
573;"";"";"";0;"";0;0,00;0,00;0,00
574;"";"";"";0;"";0;0,00;0,00;0,00
575;"";"";"";0;"";0;0,00;0,00;0,00
576;"";"";"";0;"";0;0,00;0,00;0,00
577;"";"";"";0;"";0;0,00;0,00;0,00
578;"";"";"";0;"";0;0,00;0,00;0,00
579;"";"";"";0;"";0;0,00;0,00;0,00
580;"";"";"";0;"";0;0,00;0,00;0,00
581;"";"";"";0;"";0;0,00;0,00;0,00
582;"";"";"";0;"";0;0,00;0,00;0,00
583;"";"";"";0;"";0;0,00;0,00;0,00
584;"";"";"";0;"";0;0,00;0,00;0,00
585;"";"";"";0;"";0;0,00;0,00;0,00
586;"";"";"";0;"";0;0,00;0,00;0,00
587;"";"";"";0;"";0;0,00;0,00;0,00
588;"";"";"";0;"";0;0,00;0,00;0,00
589;"";"";"";0;"";0;0,00;0,00;0,00
590;"";"";"";0;"";0;0,00;0,00;0,00
591;"";"";"";0;"";0;0,00;0,00;0,00
592;"";"";"";0;"";0;0,00;0,00;0,00
593;"";"";"";0;"";0;0,00;0,00;0,00
594;"";"";"";0;"";0;0,00;0,00;0,00
595;"";"";"";0;"";0;0,00;0,00;0,00
596;"";"";"";0;"";0;0,00;0,00;0,00
597;"";"";"";0;"";0;0,00;0,00;0,00
598;"";"";"";0;"";0;0,00;0,00;0,00
599;"";"";"";0;"";0;0,00;0,00;0,00
600;"";"";"";0;"";0;0,00;0,00;0,00
601;"";"";"";0;"";0;0,00;0,00;0,00
602;"";"";"";0;"";0;0,00;0,00;0,00
603;"";"";"";0;"";0;0,00;0,00;0,00
604;"";"";"";0;"";0;0,00;0,00;0,00
605;"";"";"";0;"";0;0,00;0,00;0,00
606;"";"";"";0;"";0;0,00;0,00;0,00
607;"";"";"";0;"";0;0,00;0,00;0,00
608;"";"";"";0;"";0;0,00;0,00;0,00
609;"";"";"";0;"";0;0,00;0,00;0,00
610;"";"";"";0;"";0;0,00;0,00;0,00
611;"";"";"";0;"";0;0,00;0,00;0,00
612;"";"";"";0;"";0;0,00;0,00;0,00
613;"";"";"";0;"";0;0,00;0,00;0,00
614;"";"";"";0;"";0;0,00;0,00;0,00
615;"";"";"";0;"";0;0,00;0,00;0,00
616;"";"";"";0;"";0;0,00;0,00;0,00
617;"";"";"";0;"";0;0,00;0,00;0,00
618;"";"";"";0;"";0;0,00;0,00;0,00
619;"";"";"";0;"";0;0,00;0,00;0,00
620;"";"";"";0;"";0;0,00;0,00;0,00
621;"";"";"";0;"";0;0,00;0,00;0,00
622;"";"";"";0;"";0;0,00;0,00;0,00
623;"";"";"";0;"";0;0,00;0,00;0,00
624;"";"";"";0;"";0;0,00;0,00;0,00
625;"";"";"";0;"";0;0,00;0,00;0,00
626;"";"";"";0;"";0;0,00;0,00;0,00
627;"";"";"";0;"";0;0,00;0,00;0,00
628;"";"";"";0;"";0;0,00;0,00;0,00
629;"";"";"";0;"";0;0,00;0,00;0,00
630;"";"";"";0;"";0;0,00;0,00;0,00
631;"";"";"";0;"";0;0,00;0,00;0,00
632;"";"";"";0;"";0;0,00;0,00;0,00
633;"";"";"";0;"";0;0,00;0,00;0,00
634;"";"";"";0;"";0;0,00;0,00;0,00
635;"";"";"";0;"";0;0,00;0,00;0,00
636;"";"";"";0;"";0;0,00;0,00;0,00
637;"";"";"";0;"";0;0,00;0,00;0,00
638;"";"";"";0;"";0;0,00;0,00;0,00
639;"";"";"";0;"";0;0,00;0,00;0,00
640;"";"";"";0;"";0;0,00;0,00;0,00
641;"";"";"";0;"";0;0,00;0,00;0,00
642;"";"";"";0;"";0;0,00;0,00;0,00
643;"";"";"";0;"";0;0,00;0,00;0,00
644;"";"";"";0;"";0;0,00;0,00;0,00
645;"";"";"";0;"";0;0,00;0,00;0,00
646;"";"";"";0;"";0;0,00;0,00;0,00
647;"";"";"";0;"";0;0,00;0,00;0,00
648;"";"";"";0;"";0;0,00;0,00;0,00
649;"";"";"";0;"";0;0,00;0,00;0,00
650;"";"";"";0;"";0;0,00;0,00;0,00
651;"";"";"";0;"";0;0,00;0,00;0,00
652;"";"";"";0;"";0;0,00;0,00;0,00
653;"";"";"";0;"";0;0,00;0,00;0,00
654;"";"";"";0;"";0;0,00;0,00;0,00
655;"";"";"";0;"";0;0,00;0,00;0,00
656;"";"";"";0;"";0;0,00;0,00;0,00
657;"";"";"";0;"";0;0,00;0,00;0,00
658;"";"";"";0;"";0;0,00;0,00;0,00
659;"";"";"";0;"";0;0,00;0,00;0,00
660;"";"";"test";18;"Káva (10%)";10;0,00;0,00;0,00
661;"";"";"";0;"";0;0,00;0,00;0,00
662;"";"";"";0;"";0;0,00;0,00;0,00
663;"";"";"";0;"";0;0,00;0,00;0,00
664;"";"";"";0;"";0;0,00;0,00;0,00
665;"";"";"";0;"";0;0,00;0,00;0,00
666;"";"";"";0;"";0;0,00;0,00;0,00
667;"";"";"";0;"";0;0,00;0,00;0,00
668;"";"";"";0;"";0;0,00;0,00;0,00
669;"";"";"";0;"";0;0,00;0,00;0,00
670;"";"";"";0;"";0;0,00;0,00;0,00
671;"";"";"";0;"";0;0,00;0,00;0,00
672;"";"";"";0;"";0;0,00;0,00;0,00
673;"";"";"";0;"";0;0,00;0,00;0,00
674;"";"";"";0;"";0;0,00;0,00;0,00
675;"";"";"";0;"";0;0,00;0,00;0,00
676;"";"";"";0;"";0;0,00;0,00;0,00
677;"";"";"";0;"";0;0,00;0,00;0,00
678;"";"";"";0;"";0;0,00;0,00;0,00
679;"";"";"";0;"";0;0,00;0,00;0,00
680;"";"";"";0;"";0;0,00;0,00;0,00
681;"";"";"";0;"";0;0,00;0,00;0,00
682;"";"";"";0;"";0;0,00;0,00;0,00
683;"";"";"";0;"";0;0,00;0,00;0,00
684;"";"";"";0;"";0;0,00;0,00;0,00
685;"";"";"";0;"";0;0,00;0,00;0,00
686;"";"";"";0;"";0;0,00;0,00;0,00
687;"";"";"";0;"";0;0,00;0,00;0,00
688;"";"";"";0;"";0;0,00;0,00;0,00
689;"";"";"";0;"";0;0,00;0,00;0,00
690;"";"";"";0;"";0;0,00;0,00;0,00
691;"";"";"";0;"";0;0,00;0,00;0,00
692;"";"";"";0;"";0;0,00;0,00;0,00
693;"";"";"";0;"";0;0,00;0,00;0,00
694;"";"";"";0;"";0;0,00;0,00;0,00
695;"";"";"";0;"";0;0,00;0,00;0,00
696;"";"";"";0;"";0;0,00;0,00;0,00
697;"";"";"";0;"";0;0,00;0,00;0,00
698;"";"";"";0;"";0;0,00;0,00;0,00
699;"";"";"";0;"";0;0,00;0,00;0,00
700;"";"";"";0;"";0;0,00;0,00;0,00
701;"";"";"";0;"";0;0,00;0,00;0,00
702;"";"";"";0;"";0;0,00;0,00;0,00
703;"";"";"";0;"";0;0,00;0,00;0,00
704;"";"";"";0;"";0;0,00;0,00;0,00
705;"";"";"";0;"";0;0,00;0,00;0,00
706;"";"";"";0;"";0;0,00;0,00;0,00
707;"";"";"";0;"";0;0,00;0,00;0,00
708;"";"";"";0;"";0;0,00;0,00;0,00
709;"";"";"";0;"";0;0,00;0,00;0,00
710;"";"";"";0;"";0;0,00;0,00;0,00
711;"";"";"";0;"";0;0,00;0,00;0,00
712;"";"";"";0;"";0;0,00;0,00;0,00
713;"";"";"";0;"";0;0,00;0,00;0,00
714;"";"";"";0;"";0;0,00;0,00;0,00
715;"";"";"";0;"";0;0,00;0,00;0,00
716;"";"";"";0;"";0;0,00;0,00;0,00
717;"";"";"";0;"";0;0,00;0,00;0,00
718;"";"";"";0;"";0;0,00;0,00;0,00
719;"";"";"";0;"";0;0,00;0,00;0,00
720;"";"";"";0;"";0;0,00;0,00;0,00
721;"";"";"";0;"";0;0,00;0,00;0,00
722;"";"";"";0;"";0;0,00;0,00;0,00
723;"";"";"";0;"";0;0,00;0,00;0,00
724;"";"";"";0;"";0;0,00;0,00;0,00
725;"";"";"";0;"";0;0,00;0,00;0,00
726;"";"";"";0;"";0;0,00;0,00;0,00
727;"";"";"";0;"";0;0,00;0,00;0,00
728;"";"";"";0;"";0;0,00;0,00;0,00
729;"";"";"";0;"";0;0,00;0,00;0,00
730;"";"";"";0;"";0;0,00;0,00;0,00
731;"";"";"";0;"";0;0,00;0,00;0,00
732;"";"";"";0;"";0;0,00;0,00;0,00
733;"";"";"";0;"";0;0,00;0,00;0,00
734;"";"";"";0;"";0;0,00;0,00;0,00
735;"";"";"";0;"";0;0,00;0,00;0,00
736;"";"";"";0;"";0;0,00;0,00;0,00
737;"";"";"";0;"";0;0,00;0,00;0,00
738;"";"";"";0;"";0;0,00;0,00;0,00
739;"";"";"";0;"";0;0,00;0,00;0,00
740;"";"";"";0;"";0;0,00;0,00;0,00
741;"";"";"";0;"";0;0,00;0,00;0,00
742;"";"";"";0;"";0;0,00;0,00;0,00
743;"";"";"";0;"";0;0,00;0,00;0,00
744;"";"";"";0;"";0;0,00;0,00;0,00
745;"";"";"";0;"";0;0,00;0,00;0,00
746;"";"";"";0;"";0;0,00;0,00;0,00
747;"";"";"";0;"";0;0,00;0,00;0,00
748;"";"";"";0;"";0;0,00;0,00;0,00
749;"";"";"";0;"";0;0,00;0,00;0,00
750;"";"";"";0;"";0;0,00;0,00;0,00
751;"";"";"";0;"";0;0,00;0,00;0,00
752;"";"";"";0;"";0;0,00;0,00;0,00
753;"";"";"";0;"";0;0,00;0,00;0,00
754;"";"";"";0;"";0;0,00;0,00;0,00
755;"";"";"";0;"";0;0,00;0,00;0,00
756;"";"";"";0;"";0;0,00;0,00;0,00
757;"";"";"";0;"";0;0,00;0,00;0,00
758;"";"";"";0;"";0;0,00;0,00;0,00
759;"";"";"";0;"";0;0,00;0,00;0,00
760;"";"";"";0;"";0;0,00;0,00;0,00
761;"";"";"";0;"";0;0,00;0,00;0,00
762;"";"";"";0;"";0;0,00;0,00;0,00
763;"";"";"";0;"";0;0,00;0,00;0,00
764;"";"";"";0;"";0;0,00;0,00;0,00
765;"";"";"";0;"";0;0,00;0,00;0,00
766;"";"";"";0;"";0;0,00;0,00;0,00
767;"";"";"";0;"";0;0,00;0,00;0,00
768;"";"";"";0;"";0;0,00;0,00;0,00
769;"";"";"";0;"";0;0,00;0,00;0,00
770;"";"";"";0;"";0;0,00;0,00;0,00
771;"";"";"";0;"";0;0,00;0,00;0,00
772;"";"";"";0;"";0;0,00;0,00;0,00
773;"";"";"";0;"";0;0,00;0,00;0,00
774;"";"";"";0;"";0;0,00;0,00;0,00
775;"";"";"";0;"";0;0,00;0,00;0,00
776;"";"";"";0;"";0;0,00;0,00;0,00
777;"";"";"";0;"";0;0,00;0,00;0,00
778;"";"";"";0;"";0;0,00;0,00;0,00
779;"";"";"";0;"";0;0,00;0,00;0,00
780;"";"";"";0;"";0;0,00;0,00;0,00
781;"";"";"";0;"";0;0,00;0,00;0,00
782;"";"";"";0;"";0;0,00;0,00;0,00
783;"";"";"";0;"";0;0,00;0,00;0,00
784;"";"";"";0;"";0;0,00;0,00;0,00
785;"";"";"";0;"";0;0,00;0,00;0,00
786;"";"";"";0;"";0;0,00;0,00;0,00
787;"";"";"";0;"";0;0,00;0,00;0,00
788;"";"";"";0;"";0;0,00;0,00;0,00
789;"";"";"";0;"";0;0,00;0,00;0,00
790;"";"";"";0;"";0;0,00;0,00;0,00
791;"";"";"";0;"";0;0,00;0,00;0,00
792;"";"";"";0;"";0;0,00;0,00;0,00
793;"";"";"";0;"";0;0,00;0,00;0,00
794;"";"";"";0;"";0;0,00;0,00;0,00
795;"";"";"";0;"";0;0,00;0,00;0,00
796;"";"";"";0;"";0;0,00;0,00;0,00
797;"";"";"";0;"";0;0,00;0,00;0,00
798;"";"";"";0;"";0;0,00;0,00;0,00
799;"";"";"";0;"";0;0,00;0,00;0,00
800;"";"";"";0;"";0;0,00;0,00;0,00
801;"";"";"";0;"";0;0,00;0,00;0,00
802;"";"";"";0;"";0;0,00;0,00;0,00
803;"";"";"";0;"";0;0,00;0,00;0,00
804;"";"";"";0;"";0;0,00;0,00;0,00
805;"";"";"";0;"";0;0,00;0,00;0,00
806;"";"";"";0;"";0;0,00;0,00;0,00
807;"";"";"";0;"";0;0,00;0,00;0,00
808;"";"";"";0;"";0;0,00;0,00;0,00
809;"";"";"";0;"";0;0,00;0,00;0,00
810;"";"";"";0;"";0;0,00;0,00;0,00
811;"";"";"";0;"";0;0,00;0,00;0,00
812;"";"";"";0;"";0;0,00;0,00;0,00
813;"";"";"";0;"";0;0,00;0,00;0,00
814;"";"";"";0;"";0;0,00;0,00;0,00
815;"";"";"";0;"";0;0,00;0,00;0,00
816;"";"";"";0;"";0;0,00;0,00;0,00
817;"";"";"";0;"";0;0,00;0,00;0,00
818;"";"";"";0;"";0;0,00;0,00;0,00
819;"";"";"";0;"";0;0,00;0,00;0,00
820;"";"";"";0;"";0;0,00;0,00;0,00
821;"";"";"";0;"";0;0,00;0,00;0,00
822;"";"";"";0;"";0;0,00;0,00;0,00
823;"";"";"";0;"";0;0,00;0,00;0,00
824;"";"";"";0;"";0;0,00;0,00;0,00
825;"";"";"";0;"";0;0,00;0,00;0,00
826;"";"";"";0;"";0;0,00;0,00;0,00
827;"";"";"";0;"";0;0,00;0,00;0,00
828;"";"";"";0;"";0;0,00;0,00;0,00
829;"";"";"";0;"";0;0,00;0,00;0,00
830;"";"";"";0;"";0;0,00;0,00;0,00
831;"";"";"";0;"";0;0,00;0,00;0,00
832;"";"";"";0;"";0;0,00;0,00;0,00
833;"";"";"";0;"";0;0,00;0,00;0,00
834;"";"";"";0;"";0;0,00;0,00;0,00
835;"";"";"";0;"";0;0,00;0,00;0,00
836;"";"";"";0;"";0;0,00;0,00;0,00
837;"";"";"";0;"";0;0,00;0,00;0,00
838;"";"";"";0;"";0;0,00;0,00;0,00
839;"";"";"";0;"";0;0,00;0,00;0,00
840;"";"";"";0;"";0;0,00;0,00;0,00
841;"";"";"";0;"";0;0,00;0,00;0,00
842;"";"";"";0;"";0;0,00;0,00;0,00
843;"";"";"";0;"";0;0,00;0,00;0,00
844;"";"";"";0;"";0;0,00;0,00;0,00
845;"";"";"";0;"";0;0,00;0,00;0,00
846;"";"";"";0;"";0;0,00;0,00;0,00
847;"";"";"";0;"";0;0,00;0,00;0,00
848;"";"";"";0;"";0;0,00;0,00;0,00
849;"";"";"";0;"";0;0,00;0,00;0,00
850;"";"";"";0;"";0;0,00;0,00;0,00
851;"";"";"";0;"";0;0,00;0,00;0,00
852;"";"";"";0;"";0;0,00;0,00;0,00
853;"";"";"";0;"";0;0,00;0,00;0,00
854;"";"";"";0;"";0;0,00;0,00;0,00
855;"";"";"";0;"";0;0,00;0,00;0,00
856;"";"";"";0;"";0;0,00;0,00;0,00
857;"";"";"";0;"";0;0,00;0,00;0,00
858;"";"";"";0;"";0;0,00;0,00;0,00
859;"";"";"";0;"";0;0,00;0,00;0,00
860;"";"";"";0;"";0;0,00;0,00;0,00
861;"";"";"";0;"";0;0,00;0,00;0,00
862;"";"";"";0;"";0;0,00;0,00;0,00
863;"";"";"";0;"";0;0,00;0,00;0,00
864;"";"";"";0;"";0;0,00;0,00;0,00
865;"";"";"";0;"";0;0,00;0,00;0,00
866;"";"";"";0;"";0;0,00;0,00;0,00
867;"";"";"";0;"";0;0,00;0,00;0,00
868;"";"";"";0;"";0;0,00;0,00;0,00
869;"";"";"";0;"";0;0,00;0,00;0,00
870;"";"";"";0;"";0;0,00;0,00;0,00
871;"";"";"";0;"";0;0,00;0,00;0,00
872;"";"";"";0;"";0;0,00;0,00;0,00
873;"";"";"";0;"";0;0,00;0,00;0,00
874;"";"";"";0;"";0;0,00;0,00;0,00
875;"";"";"";0;"";0;0,00;0,00;0,00
876;"";"";"";0;"";0;0,00;0,00;0,00
877;"";"";"";0;"";0;0,00;0,00;0,00
878;"";"";"";0;"";0;0,00;0,00;0,00
879;"";"";"";0;"";0;0,00;0,00;0,00
880;"";"";"";0;"";0;0,00;0,00;0,00
881;"";"";"";0;"";0;0,00;0,00;0,00
882;"";"";"";0;"";0;0,00;0,00;0,00
883;"";"";"";0;"";0;0,00;0,00;0,00
884;"";"";"";0;"";0;0,00;0,00;0,00
885;"";"";"";0;"";0;0,00;0,00;0,00
886;"";"";"";0;"";0;0,00;0,00;0,00
887;"";"";"";0;"";0;0,00;0,00;0,00
888;"";"";"";0;"";0;0,00;0,00;0,00
889;"";"";"";0;"";0;0,00;0,00;0,00
890;"";"";"";0;"";0;0,00;0,00;0,00
891;"";"";"";0;"";0;0,00;0,00;0,00
892;"";"";"";0;"";0;0,00;0,00;0,00
893;"";"";"";0;"";0;0,00;0,00;0,00
894;"";"";"";0;"";0;0,00;0,00;0,00
895;"";"";"";0;"";0;0,00;0,00;0,00
896;"";"";"";0;"";0;0,00;0,00;0,00
897;"";"";"";0;"";0;0,00;0,00;0,00
898;"";"";"";0;"";0;0,00;0,00;0,00
899;"";"";"";0;"";0;0,00;0,00;0,00
900;"";"";"";0;"";0;0,00;0,00;0,00
901;"";"";"";0;"";0;0,00;0,00;0,00
902;"";"";"";0;"";0;0,00;0,00;0,00
903;"";"";"";0;"";0;0,00;0,00;0,00
904;"";"";"";0;"";0;0,00;0,00;0,00
905;"";"";"";0;"";0;0,00;0,00;0,00
906;"";"";"";0;"";0;0,00;0,00;0,00
907;"";"";"";0;"";0;0,00;0,00;0,00
908;"";"";"";0;"";0;0,00;0,00;0,00
909;"";"";"";0;"";0;0,00;0,00;0,00
910;"";"";"";0;"";0;0,00;0,00;0,00
911;"";"";"";0;"";0;0,00;0,00;0,00
912;"";"";"";0;"";0;0,00;0,00;0,00
913;"";"";"";0;"";0;0,00;0,00;0,00
914;"";"";"";0;"";0;0,00;0,00;0,00
915;"";"";"";0;"";0;0,00;0,00;0,00
916;"";"";"";0;"";0;0,00;0,00;0,00
917;"";"";"";0;"";0;0,00;0,00;0,00
918;"";"";"";0;"";0;0,00;0,00;0,00
919;"";"";"";0;"";0;0,00;0,00;0,00
920;"";"";"";0;"";0;0,00;0,00;0,00
921;"";"";"";0;"";0;0,00;0,00;0,00
922;"";"";"";0;"";0;0,00;0,00;0,00
923;"";"";"";0;"";0;0,00;0,00;0,00
924;"";"";"";0;"";0;0,00;0,00;0,00
925;"";"";"";0;"";0;0,00;0,00;0,00
926;"";"";"";0;"";0;0,00;0,00;0,00
927;"";"";"";0;"";0;0,00;0,00;0,00
928;"";"";"";0;"";0;0,00;0,00;0,00
929;"";"";"";0;"";0;0,00;0,00;0,00
930;"";"";"";0;"";0;0,00;0,00;0,00
931;"";"";"";0;"";0;0,00;0,00;0,00
932;"";"";"";0;"";0;0,00;0,00;0,00
933;"";"";"";0;"";0;0,00;0,00;0,00
934;"";"";"";0;"";0;0,00;0,00;0,00
935;"";"";"";0;"";0;0,00;0,00;0,00
936;"";"";"";0;"";0;0,00;0,00;0,00
937;"";"";"";0;"";0;0,00;0,00;0,00
938;"";"";"";0;"";0;0,00;0,00;0,00
939;"";"";"";0;"";0;0,00;0,00;0,00
940;"";"";"";0;"";0;0,00;0,00;0,00
941;"";"";"";0;"";0;0,00;0,00;0,00
942;"";"";"";0;"";0;0,00;0,00;0,00
943;"";"";"";0;"";0;0,00;0,00;0,00
944;"";"";"";0;"";0;0,00;0,00;0,00
945;"";"";"";0;"";0;0,00;0,00;0,00
946;"";"";"";0;"";0;0,00;0,00;0,00
947;"";"";"";0;"";0;0,00;0,00;0,00
948;"";"";"";0;"";0;0,00;0,00;0,00
949;"";"";"";0;"";0;0,00;0,00;0,00
950;"";"";"";0;"";0;0,00;0,00;0,00
951;"";"";"";0;"";0;0,00;0,00;0,00
952;"";"";"";0;"";0;0,00;0,00;0,00
953;"";"";"";0;"";0;0,00;0,00;0,00
954;"";"";"";0;"";0;0,00;0,00;0,00
955;"";"";"";0;"";0;0,00;0,00;0,00
956;"";"";"";0;"";0;0,00;0,00;0,00
957;"";"";"";0;"";0;0,00;0,00;0,00
958;"";"";"";0;"";0;0,00;0,00;0,00
959;"";"";"";0;"";0;0,00;0,00;0,00
960;"";"";"";0;"";0;0,00;0,00;0,00
961;"";"";"";0;"";0;0,00;0,00;0,00
962;"";"";"";0;"";0;0,00;0,00;0,00
963;"";"";"";0;"";0;0,00;0,00;0,00
964;"";"";"";0;"";0;0,00;0,00;0,00
965;"";"";"";0;"";0;0,00;0,00;0,00
966;"";"";"";0;"";0;0,00;0,00;0,00
967;"";"";"";0;"";0;0,00;0,00;0,00
968;"";"";"";0;"";0;0,00;0,00;0,00
969;"";"";"";0;"";0;0,00;0,00;0,00
970;"";"";"";0;"";0;0,00;0,00;0,00
971;"";"";"";0;"";0;0,00;0,00;0,00
972;"";"";"";0;"";0;0,00;0,00;0,00
973;"";"";"";0;"";0;0,00;0,00;0,00
974;"";"";"";0;"";0;0,00;0,00;0,00
975;"";"";"";0;"";0;0,00;0,00;0,00
976;"";"";"";0;"";0;0,00;0,00;0,00
977;"";"";"";0;"";0;0,00;0,00;0,00
978;"";"";"";0;"";0;0,00;0,00;0,00
979;"";"";"";0;"";0;0,00;0,00;0,00
980;"";"";"";0;"";0;0,00;0,00;0,00
981;"";"";"";0;"";0;0,00;0,00;0,00
982;"";"";"";0;"";0;0,00;0,00;0,00
983;"";"";"";0;"";0;0,00;0,00;0,00
984;"";"";"";0;"";0;0,00;0,00;0,00
985;"";"";"";0;"";0;0,00;0,00;0,00
986;"";"";"";0;"";0;0,00;0,00;0,00
987;"";"";"";0;"";0;0,00;0,00;0,00
988;"";"";"";0;"";0;0,00;0,00;0,00
989;"";"";"";0;"";0;0,00;0,00;0,00
990;"";"";"";0;"";0;0,00;0,00;0,00
991;"";"";"";0;"";0;0,00;0,00;0,00
992;"";"";"";0;"";0;0,00;0,00;0,00
993;"";"";"";0;"";0;0,00;0,00;0,00
994;"";"";"";0;"";0;0,00;0,00;0,00
995;"";"";"";0;"";0;0,00;0,00;0,00
996;"";"";"";0;"";0;0,00;0,00;0,00
997;"";"";"";0;"";0;0,00;0,00;0,00
998;"";"";"";0;"";0;0,00;0,00;0,00
999;"";"";"";0;"";0;0,00;0,00;0,00
